task_id,priority,submit_time,complete_time,completion_order,latency
4e3490aa-c744-44cc-b874-41b9d50643ad,2,1749261882.8519075,1749261957.3082554,96,74.4563479423523
73fc7852-3e1e-44b6-a62f-334010a26346,2,1749261882.9122036,1749261957.3333533,97,74.42114973068237
cacd6714-1db7-4812-88af-b425f2884813,2,1749261882.9624097,1749261957.360109,98,74.3976993560791
0877162f-9ada-4ba4-9c97-84e67814927b,0,1749261883.0124774,1749262199.3235018,297,316.31102442741394
51fca039-cd65-4322-a66e-4ff6a81a488f,1,1749261883.0723846,1749262052.2631028,192,169.1907181739807
9e0bedce-76ad-4432-b298-77fb428a05f2,2,1749261883.12133,1749261957.3901963,99,74.26886630058289
90c827fe-ad56-42d3-9e25-6e62fff735b5,0,1749261883.1724684,1749262199.3475344,298,316.1750659942627
5fa59466-c413-4e67-926f-d8031858d828,2,1749261883.2222474,1749261955.7046735,93,72.48242616653442
93f16c56-e10c-4c98-8cd2-f6c0d095e158,2,1749261883.2722087,1749261955.728869,94,72.45666027069092
86527aa4-b0e7-4539-b7fe-1ef847d56882,2,1749261883.3221977,1749261955.752002,95,72.42980432510376
4b3d73b0-a167-4a19-8fb6-e61cd5277e59,0,1749261883.3825111,1749262199.3730752,299,315.9905641078949
1959c350-cf6d-45d7-871a-076092650d5c,0,1749261883.4322345,1749262198.2186637,293,314.7864291667938
8507feed-d81a-425b-8ec4-49e0fc45ee49,0,1749261883.4827294,1749262197.0798533,288,313.59712386131287
cbaf0635-e1f6-43bc-a6df-badb6b0d6559,2,1749261883.5324733,1749261954.1242461,91,70.59177279472351
7a4becae-a55c-450c-b7da-6dafb2e61a8f,2,1749261883.5926228,1749261954.1483433,92,70.55572056770325
88dde112-fd97-4153-a212-59c23eb84ca9,0,1749261883.642577,1749262197.103623,289,313.4610459804535
cbbd39a1-fb54-4205-8ffd-9e9549673ae4,1,1749261883.7023368,1749262052.3021421,193,168.59980535507202
4eb54eab-e3cc-4d33-94b3-3333dcde7d30,2,1749261883.7519495,1749261951.0256443,90,67.27369475364685
fc2497fd-3db1-4dec-a3ca-adfa0b9beef9,0,1749261883.803165,1749262195.9468663,284,312.14370131492615
b4b7422b-7837-4995-91cb-eb9bff92d8e2,2,1749261883.8523474,1749261941.4745767,81,57.62222933769226
05a982ab-34eb-4323-b25e-12eec3bbee93,2,1749261883.9026976,1749261941.4985757,82,57.59587812423706
989d8582-63fc-4e89-a2ac-3385d876a533,2,1749261883.9525478,1749261941.5228996,83,57.57035183906555
00c9c941-fb7b-494e-a6d9-997f431ef29b,2,1749261884.0024657,1749261941.549165,84,57.5466992855072
60e44752-e6f7-42b8-b675-0cde12845c51,1,1749261884.0530908,1749262052.33275,194,168.27965927124023
27bc4f54-e5ce-40ba-92b2-f59f9892aad2,1,1749261884.1024644,1749262049.518379,185,165.41591453552246
c0208719-4bf9-43cb-8d77-04ec64cca60d,0,1749261884.153013,1749262193.8068583,282,309.6538453102112
b7461a41-394c-4b0e-aaf0-5a30702746ee,1,1749261884.212782,1749262049.5459478,186,165.33316588401794
631ba34c-d0b0-4668-b950-27bd5b9044c6,1,1749261884.262991,1749262053.687681,197,169.42469000816345
fed4cc87-dd39-4f0a-9f93-93ba4c57b6bc,0,1749261884.3118327,1749262198.2448046,294,313.9329719543457
20dd104a-b765-4ab2-a3f2-aad4d1c47fa0,1,1749261884.3613372,1749262053.7156043,198,169.35426712036133
71421391-d3b0-4597-8dae-6df7477699ba,0,1749261884.4123173,1749262198.2697053,295,313.85738801956177
6f6c5671-6549-4ca2-8cc4-0d68db4e058f,1,1749261884.46201,1749262053.7436495,199,169.28163957595825
f1d440af-7498-48d6-9700-145fb167894f,1,1749261884.5131857,1749262052.3758428,195,167.8626570701599
2d31dbed-a4dd-46d9-849a-1e6f7d4dfce6,2,1749261884.563251,1749261939.5350773,68,54.97182631492615
99b5daa7-fc90-4bb4-a20c-2d39a80518bc,1,1749261884.6120965,1749262050.9725916,190,166.36049509048462
a60ffd34-667f-45dd-8304-87807925b183,2,1749261884.6617773,1749261939.5638795,69,54.90210223197937
48d3781f-fbd9-4ef9-ba48-3cd244ca2ee4,1,1749261884.7114072,1749262052.4000072,196,167.68860006332397
89544b9c-b1de-431d-8f36-b5ce31383d05,2,1749261884.7626302,1749261939.5966194,70,54.83398914337158
f2699aac-ca29-49f5-8536-c00bc30aec2f,1,1749261884.8123734,1749262051.0011556,191,166.1887822151184
bb5e7733-9730-4177-bb22-24f6f0e4d137,2,1749261884.8628461,1749261939.6276577,71,54.764811515808105
6e9d0e25-fc78-4efa-a365-fb660272c5ed,0,1749261884.9121022,1749262198.2937658,296,313.3816635608673
dd06a7d6-dbff-4080-bcd6-7be485089972,2,1749261884.961951,1749261937.746457,63,52.78450608253479
3c604ce5-061e-4d67-88bf-872760c5bdbb,0,1749261885.0125175,1749262197.136654,290,312.1241364479065
3323001a-5399-4481-8fcd-79d43e5bf44b,0,1749261885.0623796,1749262197.162776,291,312.1003963947296
16311890-c745-42a2-93e2-478d08d426cf,2,1749261885.1126351,1749261935.968257,60,50.85562181472778
1643540b-6eec-41ae-9ebc-9bdea5e00b1f,1,1749261885.1623487,1749262049.6132615,187,164.45091271400452
d4d35856-7b72-42a4-937c-fba4ca2ff838,2,1749261885.2119677,1749261941.6198366,85,56.4078688621521
94a035ca-29c0-4c97-a721-65499ecfbea5,0,1749261885.2621243,1749262195.9887774,285,310.72665309906006
fa5e680b-98dd-4a92-9a40-3d550edc87dc,1,1749261885.3114002,1749262049.6410472,188,164.32964706420898
602b62f4-8590-4e1f-a8d9-db24b80a8943,1,1749261885.3630288,1749262049.66963,189,164.30660128593445
bd7b2211-7454-4a5b-b64f-f937c0d41991,0,1749261885.4222188,1749262197.1858332,292,311.76361441612244
5de38afd-e3b4-48ac-9688-ed81d3b6df3d,0,1749261885.4728463,1749262194.8988893,283,309.42604303359985
6afa5ad2-cfea-4a22-8b43-b4ba0cb47532,0,1749261885.5324206,1749262196.0189316,286,310.48651099205017
3d1d7573-a0f3-4d13-8c63-de604f3f0607,2,1749261885.5825512,1749261941.66191,86,56.07935881614685
e9a50d58-cbf8-4832-b105-5ef42b72d9b8,1,1749261885.6321,1749262039.1744268,184,153.54232668876648
5d021c98-fc00-491f-9e7f-292ae570238c,0,1749261885.693121,1749262196.0451744,287,310.35205340385437
0f853391-c61c-4a1e-bf95-0777239a7d05,1,1749261885.7429345,1749262037.4653642,169,151.72242975234985
248180d7-9032-4d57-88f3-f9df81520b21,0,1749261885.7928767,1749262184.3227172,281,298.52984046936035
3a0972c2-8cc9-46de-94b4-00255c1cf729,1,1749261885.8425014,1749262037.4919002,170,151.64939880371094
da2326bc-71a8-400c-aa77-aeb632717ddc,0,1749261885.8929875,1749262183.0659556,273,297.1729681491852
2d62c869-2fa4-4208-a040-c3f3c1c55f98,0,1749261885.953106,1749262183.0910037,274,297.13789772987366
36cc4240-f7ba-4703-918d-21fc1a2d9286,0,1749261886.0019338,1749262183.1168282,275,297.1148943901062
cfe37f8b-8a47-4473-b0b0-b8a2dfd4738d,2,1749261886.0620258,1749261941.715393,87,55.65336728096008
bcbb754e-005b-4854-8de1-b7b0c33cd1c4,1,1749261886.1121037,1749262037.5256538,171,151.4135501384735
62914136-8d51-4338-95ac-506ccc3b0db0,0,1749261886.1623368,1749262181.75549,264,295.5931532382965
70bff400-1f2b-4ef7-84d3-6d7bd0c83c02,2,1749261886.212922,1749261939.727665,72,53.514742851257324
6a6aa17d-1dee-41bb-a1d5-66de2c1701e2,1,1749261886.2623715,1749262037.5566685,172,151.29429697990417
8a7e9f28-a9b9-4931-8d25-70d04eddc08d,1,1749261886.3117363,1749262035.929896,161,149.61815977096558
94c59a03-43fa-4dd9-bd3e-aefe5c7d5590,0,1749261886.3631046,1749262181.78341,265,295.4203054904938
a2e9ef26-559c-455d-897e-8a8475606a47,0,1749261886.422848,1749262180.470083,258,294.04723501205444
fdda0766-1971-4d77-972b-5b6206b0fb17,0,1749261886.481972,1749262179.2348373,255,292.75286531448364
5ec7aa99-7da3-4bfd-b3d1-49f637c885d7,2,1749261886.5419822,1749261939.7699752,73,53.22799301147461
920feb1f-073e-462f-882b-ea3c74d9d32d,2,1749261886.602627,1749261939.7964609,74,53.19383382797241
c4930ea6-43bd-473d-98bd-313652bcf5ba,2,1749261886.6528606,1749261939.8210409,75,53.16818022727966
edf6cc60-dd21-408f-9013-8aebd958c449,0,1749261886.7026763,1749262179.2626293,256,292.55995297431946
db17ad6b-57a8-444c-94e6-a61b811527b2,1,1749261886.7627707,1749262037.5930605,173,150.83028984069824
64c16037-0c16-4bff-ba0f-313a5f9873fe,0,1749261886.8223095,1749262178.0311356,252,291.2088260650635
ec6e9df3-746c-4ae2-a984-d10f41395e5b,1,1749261886.8721552,1749262037.6191087,174,150.74695348739624
0f85761d-62d7-4f71-9cd3-83e6a0031b54,0,1749261886.9221992,1749262183.1428907,276,296.2206914424896
3862d799-8238-4d3f-ad63-e51913950000,1,1749261886.9823992,1749262034.4846537,157,147.50225448608398
b22bfcd4-f08d-4ad3-8514-ce7f9946d8a2,2,1749261887.0324683,1749261937.8893719,64,50.85690355300903
975e83b5-d78c-46e9-b33e-58c6a9c91f05,2,1749261887.0821064,1749261937.9151573,65,50.83305096626282
368444c2-72c4-4b72-b0ca-98209d4404da,0,1749261887.1320162,1749262183.1679468,277,296.0359306335449
0fbf246e-2431-4a92-8949-88d1e628c754,0,1749261887.1915867,1749262183.1926923,278,296.0011055469513
935139b1-0ca9-44d5-bed8-6e2021d3545d,1,1749261887.2426112,1749262034.516949,158,147.2743377685547
fb2bb4be-11eb-497d-b108-308bcfbc0b48,1,1749261887.293995,1749262037.6531928,175,150.35919785499573
f1ac2249-7792-4bb4-b836-8b82b0793a0c,2,1749261887.342351,1749261936.1018465,61,48.75949549674988
7edd86ad-6af4-47d9-ba02-41239b3d7f1b,2,1749261887.3923547,1749261941.7849214,88,54.3925666809082
07af6dbd-fcc6-4c65-aba7-174288d55fa6,2,1749261887.4531534,1749261941.8085551,89,54.35540175437927
28b5c607-834b-4de8-abd5-92c4c10bfea5,0,1749261887.5025947,1749262183.2185419,279,295.7159471511841
16010b30-7cc3-42b2-b36a-e0861c33b805,1,1749261887.5626585,1749262037.6824443,176,150.11978578567505
1689c10a-370f-4f59-91ed-9b8532cbcdc0,1,1749261887.6222076,1749262037.7069836,177,150.08477592468262
cbe5cfa0-59db-45f9-ba57-b700d5145313,0,1749261887.6718855,1749262181.8214357,266,294.14955019950867
b471699f-a4c5-43c8-8de1-98033334b821,1,1749261887.721794,1749262035.9949906,162,148.2731966972351
a00b2df2-e274-4d1e-aef4-a4813df3d150,1,1749261887.7826338,1749262037.7335904,178,149.95095658302307
7ffedbfa-93c1-4f45-a0e5-926adec4a5c5,0,1749261887.8324504,1749262181.8456552,267,294.01320481300354
50807a8f-a1a5-4d6a-8817-e764ab71e785,1,1749261887.8825185,1749262036.024149,163,148.14163041114807
3197c881-bc92-4950-a6bb-d317086038c1,1,1749261887.9325988,1749262037.761742,179,149.82914328575134
58a6d92f-f561-4bc9-9cee-95f386ae32b6,0,1749261887.9822032,1749262180.5190756,259,292.5368723869324
8ae60fe4-972e-441a-92e1-e7e4d27b2cfb,2,1749261888.0424137,1749261939.9280055,76,51.88559174537659
81aeba27-5080-4346-8dcc-e216a386a9c0,2,1749261888.0925705,1749261939.9521558,77,51.85958528518677
d7a8243e-c153-49dc-8973-5b1b378d7bac,0,1749261888.142051,1749262181.8714523,268,293.72940135002136
ce1706b5-f848-491f-8706-b0c879177c88,0,1749261888.1927598,1749262179.3244288,257,291.13166904449463
d1193357-3f2b-48ad-a421-f462cce9750a,0,1749261888.2522233,1749262178.0838246,253,289.8316013813019
6965ccea-ea14-4189-b151-b5402ee0d84e,0,1749261888.3018866,1749262183.2427883,280,294.9409017562866
b1094b18-37cc-441a-9ef7-c9b02788ac31,2,1749261888.3623934,1749261939.990965,78,51.62857151031494
4923c0ae-027e-4239-8c33-13cb5a835d5c,0,1749261888.4220686,1749262181.9017618,269,293.4796931743622
a8c2b766-5951-4c66-b5dd-639080c20092,1,1749261888.472406,1749262036.0699422,164,147.5975363254547
6e576050-75e9-4be1-8b47-d0094b2cfdc4,0,1749261888.5228162,1749262181.925309,270,293.40249276161194
55ba29f8-bc60-4505-b794-9601bc020689,0,1749261888.5816479,1749262181.9513679,271,293.3697199821472
2dbfdd84-e745-4bf1-a826-9945d0799359,0,1749261888.6319768,1749262181.978369,272,293.3463921546936
4ad5b516-1c21-4aa1-beb9-5e9763ceae03,1,1749261888.691413,1749262034.5984027,159,145.90698981285095
60f2c332-f639-4416-89bf-bc7ec45b3c45,2,1749261888.7420459,1749261940.0347307,79,51.29268479347229
cd79931d-ab92-4e45-9d2e-15d177b0bbfe,0,1749261888.7916243,1749262180.572802,260,291.78117775917053
65197100-d7d2-4111-9d23-beac06ba5cb2,1,1749261888.8423135,1749262034.6265469,160,145.7842333316803
caa8f5ff-464c-43ab-b43b-6252b7767fa3,2,1749261888.892723,1749261938.033844,66,49.14112091064453
07cba1f4-57ee-4f8e-9709-12d23782274e,2,1749261888.952423,1749261938.0599422,67,49.10751914978027
04d5622b-ffac-46f7-ab0d-c9003ce6ccad,0,1749261889.001908,1749262180.6000357,261,291.5981276035309
fac22bb7-2592-478e-946c-53ae4f8c2182,0,1749261889.0523193,1749262180.6246057,262,291.5722863674164
52e7e0ae-1dd4-4ed3-8951-1766eae419b9,2,1749261889.1024647,1749261940.072336,80,50.969871282577515
28a71f5c-6ad7-49ac-bc86-762486498bde,2,1749261889.152576,1749261936.2244835,62,47.07190752029419
5b146380-4d25-473c-a979-3e4c07c612a1,1,1749261889.2015347,1749262037.8209572,180,148.6194224357605
6494c3b0-bfa4-4935-b0f8-203ef93ff688,2,1749261889.251829,1749261909.9833915,21,20.731562614440918
e047af46-f94c-424d-a495-3a1320f1469f,2,1749261889.3022423,1749261910.0069883,22,20.70474600791931
c53b7f41-829b-4344-9e69-a95a6bf7f8bb,0,1749261889.352771,1749262180.6495297,263,291.2967586517334
bdb94839-4547-486d-b67a-086dc3fc3451,0,1749261889.401551,1749262178.1370654,254,288.7355144023895
d58784ce-d97a-4561-afc1-74425df1b87c,1,1749261889.4519012,1749262037.851943,181,148.40004181861877
07fbf03d-d3f9-4f96-a091-8ca1f3352456,2,1749261889.5024102,1749261910.0406427,23,20.538232564926147
36521efd-bb09-4914-a69c-792a4e4217b0,2,1749261889.552526,1749261910.0648258,24,20.51229977607727
39806d9a-1ddd-4ea2-ace3-8fe3c60486eb,1,1749261889.6120777,1749262037.8769417,182,148.2648639678955
1b9eeeab-b919-4c78-b572-6f95d5c903e7,2,1749261889.6620975,1749261910.0934143,25,20.43131685256958
b0b4f641-dd2b-40e1-b354-bd7684bb85ef,2,1749261889.7124424,1749261907.9845266,10,18.27208423614502
a73e1c03-30a9-40e3-8e8e-79a90578a961,1,1749261889.7720075,1749262036.1258495,165,146.3538420200348
a82f0464-fde6-4b4b-9c21-e4ccdf195252,0,1749261889.8222554,1749262167.4838283,244,277.661572933197
afa84f10-5f69-4ead-9047-70050ac72796,0,1749261889.8726552,1749262167.5125027,245,277.63984751701355
9f9f3856-cd65-4759-9f0b-d278cb707c6d,1,1749261889.9223068,1749262037.9079845,183,147.9856777191162
2867d14f-d042-4373-8df3-a9f3ad1c2ef8,0,1749261889.9730356,1749262167.5400505,246,277.56701493263245
cdd0b6bb-542d-4682-a30e-6520758ca7d3,2,1749261890.022475,1749261910.1353893,26,20.112914323806763
e7a5801f-aaca-41d1-8b1e-72a9cb575c5f,0,1749261890.072295,1749262167.567166,247,277.49487113952637
8a313b72-6839-46d8-a2c0-270e716d3000,2,1749261890.1217825,1749261910.1628146,27,20.041032075881958
50347eaa-2442-4255-adee-a6a623d5acdc,0,1749261890.171908,1749262167.5927029,248,277.42079496383667
f8f3631e-6c15-4a4c-94c6-69beb3e80596,1,1749261890.2222314,1749262036.1652696,166,145.94303822517395
9dfd8802-9b08-4d61-8864-ac231bd49434,0,1749261890.281897,1749262166.076041,234,275.7941439151764
3bb1cb3f-0851-4a74-adba-062bcfcd2d66,0,1749261890.332292,1749262163.4935374,228,273.16124534606934
f85fbc6c-e4bc-471a-a32c-851181e3d221,0,1749261890.3818958,1749262164.8108876,231,274.4289917945862
542403b3-8305-4788-8130-9571ac8756c8,1,1749261890.4327848,1749262036.1973882,167,145.76460337638855
57d401f5-ec08-4373-9f80-29a9272b0114,2,1749261890.4819462,1749261908.046279,11,17.564332723617554
6418806f-def8-4360-9522-c02ccf630261,2,1749261890.5326574,1749261910.2050447,28,19.67238736152649
1e9ee7c9-93cc-4deb-88b7-d68e58852c5a,0,1749261890.5919228,1749262162.0649152,222,271.47299242019653
03e2b67b-d649-41aa-9db4-464f03ea1a6c,1,1749261890.641912,1749262036.2262895,168,145.58437752723694
9a7a1d22-b9c9-4cb6-a1af-a8eeb9bb1498,0,1749261890.6930463,1749262162.0911458,223,271.39809942245483
284ef184-c085-42d1-b442-d92625a213b8,1,1749261890.7521043,1749262033.1827826,155,142.43067836761475
6b99a4d5-55c4-4218-997f-0282f4b34cee,1,1749261890.8024733,1749262033.208881,156,142.4064075946808
c1a93c85-df82-4e81-8bb4-83045df03e1c,1,1749261890.8626778,1749262021.8690257,142,131.00634789466858
e4eb8624-e518-409d-b70a-41b979fa80c9,1,1749261890.9115303,1749262021.8940573,143,130.98252701759338
17bdc612-d7ea-428a-9bfc-d632a8ccd60a,2,1749261890.9721272,1749261910.251151,29,19.27902388572693
c325e402-70e2-49b1-8d9a-cec37554f256,2,1749261891.0321903,1749261908.0933232,12,17.06113290786743
e563878a-cbd0-468e-a9ee-52b465784d05,1,1749261891.0820532,1749262021.9212658,144,130.83921265602112
5e0c9ae7-55de-4ddb-8d0d-aeef5bbcd9b2,0,1749261891.1321816,1749262167.622012,249,276.4898302555084
33ca0913-13b4-41c9-b7c2-25867e2626a9,2,1749261891.1822157,1749261908.1255064,13,16.94329071044922
cbf748a8-b37b-4a5f-bf6d-e5156f6a27ee,0,1749261891.242004,1749262167.6464128,250,276.4044089317322
3a78df61-7bdd-4759-b0a2-184cfe549216,1,1749261891.3021786,1749262021.9537973,145,130.65161871910095
a4a70f5d-e850-47e9-9342-f3a374b27495,0,1749261891.3519967,1749262167.6747434,251,276.3227467536926
0adb2a2c-8141-4b27-a843-5a09cd84d222,2,1749261891.4020767,1749261908.1594765,14,16.757399797439575
35e171ab-9786-4199-8e4c-e74e3930b69e,2,1749261891.4516952,1749261908.1832256,15,16.73153042793274
7a0d78db-8bd9-41e5-9b68-46aa771118e0,0,1749261891.5018048,1749262166.1087217,235,274.60691690444946
fcb69870-812b-4d18-b7f6-bb1598865611,2,1749261891.552593,1749261908.2108383,16,16.6582453250885
7322964d-5883-4234-858c-253d32471619,0,1749261891.6024604,1749262166.1338396,236,274.5313792228699
9ef0352d-e321-42cd-8488-ea445425b9b1,2,1749261891.6522157,1749261908.2385087,17,16.58629298210144
d1d013d0-7494-48f6-bc91-37a10e4fd558,1,1749261891.7023027,1749262021.9882338,146,130.28593111038208
e381e259-402b-442e-80fa-7e86f9b34720,2,1749261891.7515638,1749261908.2667375,18,16.51517367362976
674af828-b46c-4f62-8a04-3548d64e0150,0,1749261891.8016303,1749262166.161853,237,274.3602228164673
1a6bb364-b1ab-40a5-824d-24202412d477,2,1749261891.8618555,1749261908.29436,19,16.432504415512085
5d30fee8-22f3-40c3-8cd9-6401554580ee,0,1749261891.912373,1749262166.1881084,238,274.2757353782654
7ebeb516-6238-474a-8a72-7d5e30031c37,1,1749261891.9619572,1749262022.0186121,147,130.05665493011475
ff47495a-3d5c-43ef-9a09-6e6e9fb7bf7f,2,1749261892.0129797,1749261906.1785698,6,14.165590047836304
10c4c2db-02da-4c89-9a84-48ee63dfdb14,1,1749261892.0616908,1749262020.2927794,135,128.23108863830566
4dab1336-d163-4f6b-965f-c665c5166749,0,1749261892.1121616,1749262163.5613244,229,271.4491627216339
6a4fafbf-51b0-4819-9340-7d06c98dac09,2,1749261892.1617072,1749261906.2072453,7,14.045538187026978
124152c8-00a6-4c97-b86c-140311c74458,1,1749261892.212364,1749262020.3217177,136,128.10935378074646
af1968aa-6754-44f4-83ce-1fda341e9222,0,1749261892.2623982,1749262162.1445694,224,269.8821711540222
81265cbe-2983-4f34-8b9c-a95c48bf85c3,1,1749261892.3124661,1749262017.0923443,125,124.77987813949585
61603fb5-2110-4d73-9fab-9b3a72375c2f,1,1749261892.3618777,1749262017.1185603,126,124.75668263435364
fa74f597-f44b-4c77-8967-5041ef32bd9b,0,1749261892.412403,1749262163.5944645,230,271.1820614337921
136f2ef7-a040-4225-8661-e01664210942,1,1749261892.4621909,1749262022.054683,148,129.59249210357666
2eb2f740-a6ed-4d3f-8eb2-2995df11d0f2,0,1749261892.5115962,1749262166.2145724,239,273.70297622680664
fa5f0289-a1e2-4ad9-ab8c-908e4a719ca0,0,1749261892.5625184,1749262166.241155,240,273.6786365509033
6398577f-b7a9-4bba-bec1-abedb01f91ec,1,1749261892.6220722,1749262022.0858233,149,129.46375107765198
6aa68741-94cd-418a-992b-e428dd9eeb76,2,1749261892.6726234,1749261904.3305085,1,11.657885074615479
3c8f3937-4bd3-45a2-9d15-5fa2c2ae8481,2,1749261892.7221172,1749261902.5169249,0,9.79480767250061
c433b9fe-dbdf-45f8-ab07-026acafd67de,1,1749261892.7724497,1749262022.1102505,150,129.33780074119568
f61d6a2d-4c15-4842-8717-12bda0da1d22,1,1749261892.833134,1749262022.1367884,151,129.30365443229675
b3d5ab45-f485-449c-ad15-956ee7594144,1,1749261892.8818207,1749262022.1630852,152,129.28126454353333
bab9e0c4-94d0-46b2-bacd-9afbb880020e,0,1749261892.9323347,1749262166.2658195,241,273.3334848880768
63dbb31e-be6f-41d7-883d-7bee247da07f,2,1749261892.9824717,1749261904.3676703,2,11.385198593139648
1863e450-7e6b-429f-87e4-8d9fb68ca688,2,1749261893.0329134,1749261904.393719,3,11.36080551147461
16802213-b651-476a-9d16-ab17b9defbce,2,1749261893.0814703,1749261904.4202034,4,11.338733196258545
9e85c2cf-d30f-4a79-bf65-ed9fcc41054b,0,1749261893.1315558,1749262166.2932544,242,273.1616985797882
b88f04f6-97d9-439d-a15c-2e286cc40810,1,1749261893.1828022,1749262020.3809319,137,127.19812965393066
60418805-3520-4fa0-ae3d-8b86ca3acb00,1,1749261893.2328186,1749262020.4042969,138,127.17147827148438
f757f66b-2ed4-4adb-8665-ffc58be9eefc,1,1749261893.2822783,1749262020.430786,139,127.14850759506226
a6b70a29-a79a-483f-bd0e-a68e2cf196f5,2,1749261893.3319578,1749261906.286495,8,12.954537153244019
11a5b8cc-c1a9-497a-a798-bff36dd9c333,2,1749261893.381725,1749261908.3835442,20,15.001819133758545
26a5c282-2485-401d-91f3-8ba41ea073bc,2,1749261893.4315574,1749261906.3165154,9,12.884958028793335
63813a4e-aaaf-472e-9e5c-22a4ef3deed4,2,1749261893.4824688,1749261904.4701755,5,10.987706661224365
e5237d4f-5ded-4d48-8dd2-a9ea92bf6bbd,1,1749261893.532335,1749262018.7434742,130,125.21113920211792
241e11f1-2a3c-4d7b-8ffe-2fc801152375,0,1749261893.5825565,1749262164.8789454,232,271.2963888645172
3950244a-293b-4b7c-8b47-e3dec9423a9d,0,1749261893.6321619,1749262166.3185244,243,272.6863625049591
2433f799-f5c7-4fb3-a6dd-d491f26e68d5,2,1749261893.6817377,1749261926.5313697,57,32.849632024765015
a5361198-0835-4346-9513-92f02bf29b63,1,1749261893.7317066,1749262017.2116456,127,123.47993898391724
0fd9805d-5279-4458-8600-3381984fd6da,1,1749261893.7816215,1749262022.2007325,153,128.41911101341248
9cc69c59-d327-4bf5-b772-584fb8184156,1,1749261893.8323793,1749262022.2253003,154,128.39292097091675
a1885aa5-caa2-47d1-b741-6ae20805c5ae,1,1749261893.8922067,1749262020.4692302,140,126.57702350616455
655791f7-80f3-4cb0-9587-c4e70da15e9c,0,1749261893.9421728,1749262164.9089267,233,270.96675395965576
92d5439c-ca75-4913-8aa0-9bbcf8c3030f,0,1749261893.993186,1749262162.1979966,225,268.20481061935425
5ec52478-0b67-4764-9adc-11b6d84d55cf,2,1749261894.0519753,1749261926.5738583,58,32.52188301086426
b2487cec-5423-47ac-a1f7-fd45d522300e,0,1749261894.1123288,1749262162.2231662,226,268.1108374595642
f0061081-e130-4230-b150-2a0770c1c903,0,1749261894.1616855,1749262162.248753,227,268.08706760406494
a8fffece-d8ed-4a85-a7bc-3e0720ca0e60,1,1749261894.211474,1749262020.5069084,141,126.29543447494507
ce76ee32-7c16-468c-8d2e-90c54cf8c243,0,1749261894.2623506,1749262150.9688222,215,256.70647168159485
b0f46259-12ad-41a7-80c4-287fbcb6d810,1,1749261894.3119948,1749262018.7986662,131,124.4866714477539
860eb367-aaea-4ed5-9553-78a6042df0be,1,1749261894.3716512,1749262018.82195,132,124.45029878616333
1ca5604d-2465-49ae-970c-eec700f2ef50,2,1749261894.4217584,1749261926.6167624,59,32.19500398635864
f6025478-7aae-4edd-b3b5-3558f19f7593,0,1749261894.471447,1749262150.9922109,216,256.52076387405396
3fd33a53-596d-4644-b446-5bd0e489c251,0,1749261894.521868,1749262151.0162475,217,256.49437952041626
1460a6c7-983b-4657-aafc-f6fb12ab8235,2,1749261894.5720904,1749261924.4737318,41,29.901641368865967
c364272d-009d-4899-b5f1-33b465858380,2,1749261894.621583,1749261924.497941,42,29.876358032226562
6f53b2bf-38e9-48fd-b30e-60f29a6a7804,0,1749261894.6820917,1749262151.0412867,218,256.3591949939728
5916d47c-0b34-4f31-b50c-845fa62e6fa7,1,1749261894.731718,1749262018.8542671,133,124.12254905700684
351073e7-5e8a-4934-b936-4e0c9652e2ee,2,1749261894.7818213,1749261924.5275228,43,29.745701551437378
cfdaf4f5-661e-48ed-9802-268a6d5968c6,1,1749261894.8319662,1749262018.8789375,134,124.04697132110596
85687c73-c579-4aaa-abfb-b48f4e4afb7d,2,1749261894.8812237,1749261922.7025793,36,27.82135558128357
0ae14d22-9e03-4836-a9ad-204f8ab9e812,0,1749261894.9320161,1749262149.59199,208,254.659973859787
05cfe94f-8c6d-4700-80ef-f6c305bde006,2,1749261894.9817908,1749261922.7337475,37,27.751956701278687
39e373fc-6043-4462-8df5-042d8b1ea76b,1,1749261895.0326653,1749262017.2805963,128,122.24793100357056
61a448d7-378f-4f30-91eb-e04d09e0fcbc,0,1749261895.0925407,1749262148.2516775,205,253.15913677215576
0aeb186d-ae9b-499b-a941-27a073f80de0,2,1749261895.1417139,1749261920.8816075,30,25.739893674850464
32cc1bd1-1671-4253-8462-5f81b2323a77,0,1749261895.1920767,1749262149.614787,209,254.42271041870117
6c02a26f-d81d-4bd2-9dd0-915c17fc108f,1,1749261895.2418616,1749262017.311292,129,122.06943035125732
5c72c831-a63c-4294-9758-de7411159b8e,1,1749261895.2920156,1749262006.921419,119,111.62940335273743
e0e1d045-de77-4f11-a781-10c299d0cc4d,1,1749261895.3418622,1749262006.9464357,120,111.60457348823547
aa31503f-8453-437b-beb6-74db4a14fe04,0,1749261895.391579,1749262149.6395826,210,254.24800372123718
12574af5-edd3-4055-89d1-61229c70587d,1,1749261895.4422877,1749262005.2210062,110,109.7787184715271
805a22e4-e950-4353-9ec2-af650afaca18,1,1749261895.492311,1749262006.9748387,121,111.48252773284912
4a02749a-be24-425a-97e9-42f04eb2258b,1,1749261895.541759,1749262006.9995048,122,111.45774579048157
cbb7bdba-3d0e-4e97-83d8-03b423ce79d4,0,1749261895.5925062,1749262146.9251173,202,251.33261108398438
d5190ce9-7468-425b-89eb-7e0ad47544c1,0,1749261895.6419804,1749262146.954207,203,251.31222653388977
0c43fc58-a074-41de-bcff-adcb7924d98b,0,1749261895.6925812,1749262151.06633,219,255.37374877929688
4e630577-c590-414d-b8b4-56bc73e164f3,0,1749261895.7420516,1749262149.6667404,211,253.92468881607056
18900acf-d71c-4f4e-88c5-5dbbe1b17ada,2,1749261895.791531,1749261920.9414005,31,25.149869441986084
dfab7491-1f39-4e24-8d5f-36bb878115c8,2,1749261895.851904,1749261924.59836,44,28.746456146240234
3d2eeaad-64d2-4a08-95c5-0ff3b119201e,2,1749261895.9020956,1749261924.62191,45,28.71981453895569
f1f827a6-ddc0-49d1-911e-766cca4546d5,2,1749261895.951442,1749261924.6480622,46,28.696620225906372
7d41d203-b7b6-428a-892b-9a554b5c3785,1,1749261895.9554486,1749262005.2658257,111,109.31037712097168
87b14f00-cc0a-4487-9680-28f92c27eb2a,1,1749261896.0017817,1749262003.543213,102,107.54143118858337
047d93b8-01e9-4791-9b7f-42ce369a7ed5,1,1749261896.0523286,1749262003.5703137,103,107.51798510551453
968b9a1c-9d57-4553-a745-dc6b3f4a142f,1,1749261896.1016889,1749262003.5966766,104,107.49498772621155
bf2d6ba6-c26e-4807-b592-b04d567e39da,0,1749261896.1621976,1749262151.0903566,220,254.92815899848938
a092f79f-8fa7-4e57-a427-1cbdfecac76a,2,1749261896.221921,1749261924.6891382,47,28.467217206954956
3bd8917d-9b2d-45e8-ad4d-7f267ad41eb9,1,1749261896.2721367,1749262001.961872,101,105.68973541259766
011509e0-c411-4616-9287-d9effa812bd2,2,1749261896.3215184,1749261924.717213,48,28.395694494247437
15304226-2ea9-473f-988c-39f3e1429468,0,1749261896.3826356,1749262151.1148946,221,254.73225903511047
f4788291-3e0a-455d-9e5a-7dc83b982fc3,1,1749261896.4425762,1749262007.0468369,123,110.60426068305969
b07bed26-010e-489a-bc34-bbae61ce6114,1,1749261896.4927325,1749262007.0708904,124,110.57815790176392
9d1a7631-1d9d-468d-a10e-6422f2ed16f7,1,1749261896.5412524,1749262005.2994826,112,108.75823020935059
4056923a-6610-496c-b9d2-07e4b8735a85,2,1749261896.592095,1749261924.755504,49,28.163408994674683
5f4f6ac0-80ff-41de-84f7-bbc6bfc120bd,1,1749261896.6423123,1749262005.324057,113,108.68174481391907
054a0f37-6e65-404e-89ca-1b11df7a3101,1,1749261896.6917691,1749262005.3496213,114,108.65785217285156
b79fb446-9fe1-4745-bd9d-f3cb4274143f,1,1749261896.7423744,1749262005.3738358,115,108.63146138191223
0b89c657-3b70-4906-8ec9-b5113f244913,2,1749261896.801305,1749261924.7885835,50,27.9872784614563
7a5bc96d-b80e-423d-a34d-b8e3db3bcd62,1,1749261896.861472,1749262003.6515977,105,106.7901258468628
bb8fcd77-eb73-4912-a15c-b3ac08fdc086,2,1749261896.9119256,1749261922.8582063,38,25.94628071784973
c20834e7-7845-4319-9fa3-2d6391800b96,0,1749261896.9615722,1749262149.6977942,212,252.7362220287323
425352bb-6b78-4aa5-875f-98e261a252c5,0,1749261897.0108316,1749262148.2953594,206,251.2845277786255
b118f49a-bb38-4393-b45e-bacc0e5f1f26,2,1749261897.0628784,1749261921.0345454,32,23.971667051315308
f36fee72-cfda-4f72-9af7-8e442b10d2fa,2,1749261897.112015,1749261921.060231,33,23.9482159614563
37986575-d42e-4e38-a2c0-bc902c3e0fa6,0,1749261897.1722424,1749262148.322582,207,251.15033960342407
52574a97-2a1f-41a8-ac77-f1c1c61e3d4e,0,1749261897.22186,1749262146.9975142,204,249.7756543159485
c24c018a-4e03-4d41-812d-01b687f5bf75,0,1749261897.2722971,1749262145.6257582,200,248.35346102714539
3538eb0a-571d-416f-af5c-4624bfb740d6,1,1749261897.3210647,1749262003.6936069,106,106.37254214286804
e1ecd924-ebf9-4a9a-ac21-33d4315d64c5,2,1749261897.3813217,1749261924.8322933,51,27.450971603393555
c689e797-3d36-44b9-b656-1cd6aa99b5c4,1,1749261897.4417546,1749262003.7191648,107,106.27741026878357
49a07762-d2ae-4608-8660-5a6a00212cdd,2,1749261897.4923136,1749261924.8593326,52,27.367018938064575
f75375f7-183c-4d3e-a89c-1fbf2af220ac,0,1749261897.541906,1749262145.6551163,201,248.11321020126343
e9386a50-7e9a-4694-8c88-95e08a04e0a1,1,1749261897.5917652,1749262000.407477,100,102.81571173667908
55770cca-f378-480c-a8b1-fe4ad6625086,2,1749261897.642168,1749261924.8888361,53,27.246668100357056
531b8873-797a-42c7-bb55-0b115a98a595,2,1749261897.6921005,1749261924.9148712,54,27.22277069091797
cdaec805-935d-4abf-8d8c-032b702b31a9,1,1749261897.7417622,1749262005.4168415,116,107.67507934570312
c9ac09d3-72c3-41bb-b2c5-1f84575e0529,2,1749261897.792099,1749261924.9429069,55,27.150807857513428
0635fcdb-3266-4990-bd9a-e92d58d4bc25,1,1749261897.840694,1749262005.440488,117,107.5997941493988
bee4ed0d-f756-4f04-b6cb-f03516f8b70c,2,1749261897.8919866,1749261924.9704196,56,27.0784330368042
42388ae1-5de7-45c7-8b24-49176ebd5f66,2,1749261897.9416988,1749261922.934734,39,24.993035316467285
0d11a9e0-5120-4f91-b9a8-724c5561ef61,2,1749261897.991622,1749261922.9586985,40,24.967076539993286
6ca8a833-7f89-4d2e-bc76-26b06267e331,2,1749261898.0430226,1749261921.1373522,34,23.094329595565796
072e7592-48ad-428c-a375-a648e6c2ef83,1,1749261898.1017642,1749262005.4655545,118,107.36379027366638
840b9c60-5a52-4038-af72-15d1b9f72aa0,2,1749261898.1618197,1749261921.1640625,35,23.00224280357361
b96759ad-0a97-4356-9256-e638fe8f3b27,0,1749261898.221288,1749262149.7218544,213,251.50056648254395
54de0730-7a21-40f3-bd71-e290b48d4cdc,1,1749261898.2714987,1749262003.7593954,108,105.48789668083191
95df842e-750b-4c88-84d7-b3681b3a0d76,1,1749261898.3222916,1749262003.7853804,109,105.46308875083923
c9d51f02-920f-4aa5-992c-afcedd555edd,0,1749261898.3719704,1749262149.7454698,214,251.37349939346313
